datetime,open,high,low,close,volume
2015-04-14 00:00,53.93,54.47,53.57,46.25,29289600.00
2015-04-15 00:00,54.37,54.91,54.19,46.78,16899900.00
2015-04-16 00:00,54.53,55.07,54.34,46.78,15643200.00
2015-04-17 00:00,54.41,54.56,53.98,46.13,17569700.00
2015-04-20 00:00,54.34,54.67,54.17,46.39,13327200.00
2015-04-21 00:00,54.55,54.85,54.19,46.32,10954200.00
2015-04-22 00:00,54.31,54.91,54.16,46.66,13563800.00
2015-04-23 00:00,54.41,55.12,54.41,46.82,14657800.00
2015-04-24 00:00,54.76,54.92,54.61,46.68,15268100.00
2015-04-27 00:00,54.79,55.50,54.71,46.91,19852400.00
2015-04-28 00:00,54.91,55.43,54.87,47.29,13028300.00
2015-04-29 00:00,55.17,55.76,55.08,47.33,18144500.00
2015-04-30 00:00,55.65,55.65,54.78,47.02,16577800.00
2015-05-01 00:00,55.26,55.58,54.96,47.10,12069400.00
2015-05-04 00:00,55.27,55.77,55.26,47.56,9981800.00
2015-05-05 00:00,55.73,56.20,55.60,47.55,17068100.00
2015-05-06 00:00,55.43,55.60,54.45,47.19,15670700.00
2015-05-07 00:00,54.96,55.19,54.61,47.09,14723100.00
2015-05-08 00:00,55.17,56.05,55.09,48.16,17477500.00
2015-05-11 00:00,55.92,55.96,55.44,47.70,12922100.00
2015-05-12 00:00,55.31,55.64,55.00,47.66,11705900.00
2015-05-13 00:00,55.47,55.83,55.37,47.77,11448100.00
2015-05-14 00:00,55.95,56.13,55.72,48.15,11025400.00
2015-05-15 00:00,56.04,56.04,55.30,47.70,13323200.00
2015-05-18 00:00,55.58,55.98,55.55,47.90,10637300.00
2015-05-19 00:00,55.90,56.70,55.89,48.46,17194100.00
2015-05-20 00:00,56.32,56.37,55.93,48.19,13292000.00
2015-05-21 00:00,55.91,56.18,55.83,48.13,13466700.00
2015-05-22 00:00,56.04,56.23,55.99,48.12,8568800.00
2015-05-26 00:00,55.97,56.00,55.46,47.82,15859100.00
2015-05-27 00:00,55.92,56.31,55.71,48.18,12526100.00
2015-05-28 00:00,56.11,56.30,55.89,48.30,10348700.00
2015-05-29 00:00,56.25,56.26,55.68,48.08,17291500.00
2015-06-01 00:00,56.24,56.49,55.80,48.15,15746200.00
2015-06-02 00:00,56.01,56.45,55.74,48.27,13148700.00
2015-06-03 00:00,56.35,57.20,56.35,48.90,16197700.00
2015-06-04 00:00,56.53,56.89,55.93,48.24,17627100.00
2015-06-05 00:00,57.04,57.22,56.40,48.64,16890300.00
2015-06-08 00:00,56.94,56.94,56.12,48.22,14248400.00
2015-06-09 00:00,56.23,56.93,56.00,48.72,14669900.00
2015-06-10 00:00,56.98,57.57,56.91,49.16,18622400.00
2015-06-11 00:00,57.26,57.57,57.07,49.20,13943300.00
2015-06-12 00:00,57.13,57.29,56.74,49.05,13439000.00
2015-06-15 00:00,56.65,57.07,56.48,48.96,12920600.00
2015-06-16 00:00,56.85,57.24,56.73,49.16,10476100.00
2015-06-17 00:00,57.31,57.55,57.10,49.12,17497700.00
2015-06-18 00:00,57.29,57.84,57.19,49.58,18299900.00
2015-06-19 00:00,57.42,57.57,57.05,49.02,36241100.00
2015-06-22 00:00,57.58,58.04,57.53,49.76,15111200.00
2015-06-23 00:00,58.00,58.26,57.76,49.74,13354200.00
2015-06-24 00:00,57.67,58.15,57.54,49.44,16166600.00
2015-06-25 00:00,57.75,57.79,57.13,49.12,14053600.00
2015-06-26 00:00,57.34,57.58,57.29,49.35,16975900.00
2015-06-29 00:00,56.80,57.19,56.01,48.17,19289700.00
2015-06-30 00:00,56.54,56.88,55.99,48.32,17346700.00
2015-07-01 00:00,57.09,57.20,56.61,48.90,12165300.00
2015-07-02 00:00,56.84,57.14,56.52,48.75,10106800.00
2015-07-06 00:00,56.10,56.53,56.01,48.49,11682100.00
2015-07-07 00:00,56.32,56.47,55.08,48.33,15831800.00
2015-07-08 00:00,55.84,56.17,55.21,47.47,12906600.00
2015-07-09 00:00,56.06,56.15,55.44,47.69,13623200.00
2015-07-10 00:00,56.33,56.46,55.86,48.19,13269600.00
2015-07-13 00:00,56.56,56.76,56.42,48.75,15521800.00
2015-07-14 00:00,56.46,57.37,56.39,49.19,20066300.00
2015-07-15 00:00,57.41,58.16,57.26,49.65,17159400.00
2015-07-16 00:00,58.24,58.35,57.98,49.98,13194500.00
2015-07-17 00:00,57.97,58.05,57.49,49.78,12963900.00
2015-07-20 00:00,57.99,58.29,57.88,49.88,10084900.00
2015-07-21 00:00,58.02,58.37,57.75,49.79,12504300.00
2015-07-22 00:00,58.07,58.59,57.99,50.28,14871100.00
2015-07-23 00:00,58.73,58.77,58.07,50.02,13582200.00
2015-07-24 00:00,58.18,58.34,57.70,49.65,13157300.00
2015-07-27 00:00,57.48,57.84,57.34,49.48,15495300.00
2015-07-28 00:00,57.73,57.84,57.16,49.32,16730600.00
2015-07-29 00:00,57.60,58.13,57.42,49.80,13718400.00
2015-07-30 00:00,57.85,58.19,57.72,49.96,9864800.00
2015-07-31 00:00,58.23,58.25,57.79,49.72,12369800.00
2015-08-03 00:00,58.07,58.07,57.50,49.76,13085900.00
2015-08-04 00:00,57.77,58.16,57.71,49.68,12324700.00
2015-08-05 00:00,57.81,58.02,57.48,49.86,12032500.00
2015-08-06 00:00,57.65,57.95,57.41,49.75,12556600.00
2015-08-07 00:00,57.57,57.86,57.04,49.70,13596200.00
2015-08-10 00:00,57.80,57.98,57.68,50.11,12397500.00
2015-08-11 00:00,57.23,57.55,56.98,49.48,15425500.00
2015-08-12 00:00,56.90,56.95,56.20,49.05,21663200.00
2015-08-13 00:00,56.75,57.13,56.63,49.20,11868600.00
2015-08-14 00:00,56.89,57.37,56.82,49.58,9742500.00
2015-08-17 00:00,57.02,57.50,56.93,49.60,11462500.00
2015-08-18 00:00,57.41,57.72,57.27,49.76,10581500.00
2015-08-19 00:00,57.28,57.55,56.95,49.35,13744600.00
2015-08-20 00:00,56.46,56.58,56.11,48.53,20857700.00
2015-08-21 00:00,55.33,55.78,53.96,46.68,31954400.00
2015-08-24 00:00,49.20,53.24,47.75,44.32,40198100.00
2015-08-25 00:00,53.55,53.65,50.00,43.26,31041800.00
2015-08-26 00:00,51.56,52.41,50.58,45.23,30235800.00
2015-08-27 00:00,53.44,54.10,52.88,46.73,26452500.00
2015-08-28 00:00,53.75,53.93,53.04,46.30,18342200.00
2015-08-31 00:00,53.40,53.56,53.06,46.12,13842200.00
2015-09-01 00:00,52.11,52.32,50.53,44.10,28031700.00
2015-09-02 00:00,52.49,52.49,51.27,44.96,20919600.00
2015-09-03 00:00,52.39,53.00,52.22,45.34,15719000.00
2015-09-04 00:00,51.80,51.82,50.76,44.36,22303800.00
2015-09-08 00:00,52.65,52.98,51.98,45.78,19685400.00
2015-09-09 00:00,53.61,53.70,52.02,45.14,16221500.00
2015-09-10 00:00,52.07,52.86,51.80,45.46,17996200.00
2015-09-11 00:00,52.34,52.66,52.03,45.51,12549400.00
2015-09-14 00:00,52.63,52.88,52.41,45.64,16225600.00
2015-09-15 00:00,53.04,53.79,52.82,46.24,14305500.00
2015-09-16 00:00,53.52,53.89,52.90,46.46,15218500.00
2015-09-17 00:00,53.70,53.91,52.03,45.15,25025800.00
2015-09-18 00:00,51.27,51.48,50.70,44.14,39561600.00
2015-09-21 00:00,51.52,51.75,51.18,44.58,16673300.00
2015-09-22 00:00,50.87,51.15,50.33,43.84,21761300.00
2015-09-23 00:00,50.88,50.94,50.50,43.92,12521200.00
2015-09-24 00:00,50.09,50.68,49.80,43.72,17064300.00
2015-09-25 00:00,51.36,51.87,51.07,44.52,18394800.00
2015-09-28 00:00,51.07,51.30,50.20,43.56,17647900.00
2015-09-29 00:00,50.47,50.96,50.00,44.01,20816400.00
2015-09-30 00:00,51.63,51.72,50.70,44.41,20514800.00
2015-10-01 00:00,51.51,51.86,50.92,44.49,15556600.00
2015-10-02 00:00,50.28,51.29,49.51,44.33,21630300.00
2015-10-05 00:00,51.71,52.57,51.50,45.33,15240700.00
2015-10-06 00:00,52.18,52.54,51.92,45.00,14490700.00
2015-10-07 00:00,52.49,52.73,51.91,45.14,13863500.00
2015-10-08 00:00,52.23,52.59,51.77,45.44,15384100.00
2015-10-09 00:00,53.02,53.07,51.98,45.09,16983100.00
2015-10-12 00:00,52.12,52.43,51.75,45.13,10639000.00
2015-10-13 00:00,52.02,52.31,51.71,44.85,16002200.00
2015-10-14 00:00,51.70,51.90,50.74,44.54,26269100.00
2015-10-15 00:00,51.98,52.70,51.76,45.57,18262400.00
2015-10-16 00:00,53.15,53.19,52.51,45.73,15676300.00
2015-10-19 00:00,52.76,53.01,52.45,45.46,15515700.00
2015-10-20 00:00,52.62,53.29,52.58,45.91,13583300.00
2015-10-21 00:00,53.04,53.86,53.03,45.94,17666700.00
2015-10-22 00:00,53.40,54.45,53.40,46.75,18263200.00
2015-10-23 00:00,54.34,54.80,54.11,47.35,16924800.00
2015-10-26 00:00,54.76,54.81,54.16,46.95,12661400.00
2015-10-27 00:00,53.98,54.33,53.82,46.80,12443900.00
2015-10-28 00:00,54.24,55.50,54.17,47.95,16681600.00
2015-10-29 00:00,55.39,55.57,54.91,47.64,11334900.00
2015-10-30 00:00,55.07,55.07,54.03,46.82,18450500.00
2015-11-02 00:00,54.21,55.02,54.13,47.44,10992300.00
2015-11-03 00:00,54.68,55.15,54.45,47.51,10709100.00
2015-11-04 00:00,54.56,54.75,54.38,47.53,12823600.00
2015-11-05 00:00,54.35,55.08,54.35,47.77,12263900.00
2015-11-06 00:00,56.04,56.34,55.56,48.63,22376800.00
2015-11-09 00:00,56.08,56.22,55.14,48.30,17609700.00
2015-11-10 00:00,55.30,55.96,55.23,48.69,13475900.00
2015-11-11 00:00,56.13,56.17,55.51,48.59,10808500.00
2015-11-12 00:00,55.52,55.75,55.17,48.04,17552200.00
2015-11-13 00:00,55.02,55.36,54.33,47.52,16550200.00
2015-11-16 00:00,54.48,55.27,54.40,48.13,11955400.00
2015-11-17 00:00,55.33,55.49,54.84,47.86,11331900.00
2015-11-18 00:00,55.06,55.77,54.97,48.48,16612600.00
2015-11-19 00:00,55.77,56.07,55.46,48.74,12167600.00
2015-11-20 00:00,56.26,56.26,55.72,48.61,16264100.00
2015-11-23 00:00,55.90,56.04,55.56,48.42,9638100.00
2015-11-24 00:00,55.14,55.48,54.89,48.14,14156500.00
2015-11-25 00:00,55.46,55.52,55.10,48.08,10034400.00
2015-11-27 00:00,55.34,55.47,54.98,48.23,4914000.00
2015-11-30 00:00,55.46,55.69,55.10,47.98,15998900.00
2015-12-01 00:00,55.51,55.77,55.27,48.51,15543400.00
2015-12-02 00:00,55.80,55.80,55.00,47.96,12779900.00
2015-12-03 00:00,55.13,55.22,54.03,47.20,15410100.00
2015-12-04 00:00,54.48,55.88,54.31,48.48,19647700.00
2015-12-07 00:00,55.45,55.56,55.02,48.26,17991600.00
2015-12-08 00:00,54.98,55.21,54.28,47.37,19949500.00
2015-12-09 00:00,54.12,54.94,53.71,47.13,18499600.00
2015-12-10 00:00,54.25,54.99,53.88,47.32,14075300.00
2015-12-11 00:00,53.45,53.94,52.99,46.42,17815700.00
2015-12-14 00:00,53.32,53.57,52.75,46.33,22055100.00
2015-12-15 00:00,53.83,55.12,53.81,47.81,19056700.00
2015-12-16 00:00,55.21,56.04,54.82,48.63,21086800.00
2015-12-17 00:00,56.11,56.24,55.47,48.30,18800500.00
2015-12-18 00:00,55.00,55.15,53.79,46.84,31468600.00
2015-12-21 00:00,54.30,54.54,53.55,47.04,12993400.00
2015-12-22 00:00,54.36,54.50,53.70,47.32,10318100.00
2015-12-23 00:00,54.60,55.06,54.46,47.93,13033600.00
2015-12-24 00:00,54.97,55.09,54.71,47.74,4999400.00
2015-12-28 00:00,54.55,54.78,54.17,47.61,8288800.00
2015-12-29 00:00,55.11,55.35,54.99,48.15,7894900.00
2015-12-30 00:00,55.27,55.31,54.79,47.80,8016900.00
2015-12-31 00:00,54.51,54.95,54.22,47.34,10929800.00
2016-01-04 00:00,53.09,53.27,52.30,46.07,25985400.00
2016-01-05 00:00,52.93,53.27,52.55,46.06,14759600.00
2016-01-06 00:00,52.12,52.62,51.83,45.18,20026400.00
2016-01-07 00:00,51.01,51.19,50.15,43.89,30425600.00
2016-01-08 00:00,50.80,50.86,49.46,43.16,22981400.00
2016-01-11 00:00,50.18,50.33,49.64,43.62,19046400.00
2016-01-12 00:00,50.88,51.52,50.45,44.72,28961500.00
2016-01-13 00:00,51.73,51.80,49.50,43.30,22013500.00
2016-01-14 00:00,50.08,51.00,49.60,44.10,24569800.00
2016-01-15 00:00,48.59,49.64,48.13,42.51,41090400.00
2016-01-19 00:00,49.25,49.54,47.99,41.98,29918500.00
2016-01-20 00:00,47.28,48.25,46.88,41.68,40241100.00
2016-01-21 00:00,48.03,49.05,47.91,41.81,24272900.00
2016-01-22 00:00,49.03,49.27,48.56,42.69,18298700.00
2016-01-25 00:00,48.91,48.98,47.62,41.50,23440800.00
2016-01-26 00:00,47.75,48.56,47.66,42.02,18895100.00
2016-01-27 00:00,48.30,49.30,48.13,42.29,20441500.00
2016-01-28 00:00,49.10,49.40,48.60,42.60,21306600.00
2016-01-29 00:00,49.29,50.25,49.17,43.74,25358300.00
2016-02-01 00:00,50.12,50.18,49.56,43.49,17385400.00
2016-02-02 00:00,49.26,49.32,48.78,42.52,25593200.00
2016-02-03 00:00,48.45,48.51,46.51,41.77,47149700.00
2016-02-04 00:00,47.40,48.61,47.37,42.34,30851700.00
2016-02-05 00:00,48.35,48.66,47.60,42.00,23733700.00
2016-02-08 00:00,47.11,47.34,46.06,40.80,31172100.00
2016-02-09 00:00,45.61,46.76,45.36,40.76,29896200.00
2016-02-10 00:00,46.88,47.22,46.11,40.51,19885500.00
2016-02-11 00:00,44.93,45.53,44.50,39.63,32570900.00
2016-02-12 00:00,45.96,47.39,45.93,41.52,28533900.00
2016-02-16 00:00,48.05,48.41,47.57,42.33,20410600.00
2016-02-17 00:00,48.65,48.96,47.99,42.23,18060500.00
2016-02-18 00:00,48.09,48.14,47.48,41.88,17162800.00
2016-02-19 00:00,47.40,48.17,47.34,42.20,18234900.00
2016-02-22 00:00,48.09,49.34,48.09,43.17,17572800.00
2016-02-23 00:00,48.87,48.92,47.98,42.21,15224700.00
2016-02-24 00:00,47.34,47.68,46.56,41.78,18595700.00
2016-02-25 00:00,47.71,48.16,47.71,41.90,16646200.00
2016-02-26 00:00,48.13,48.54,47.83,42.18,20325600.00
2016-02-29 00:00,48.03,48.03,46.91,41.17,24018100.00
2016-03-01 00:00,47.14,48.72,47.14,42.75,24758500.00
2016-03-02 00:00,48.84,49.57,48.61,43.50,18667700.00
2016-03-03 00:00,49.63,49.79,49.07,43.67,14268100.00
2016-03-04 00:00,50.01,50.49,49.68,43.97,18685600.00
2016-03-07 00:00,49.77,50.16,49.44,43.94,14386100.00
2016-03-08 00:00,49.61,49.66,48.92,43.04,18098200.00
2016-03-09 00:00,49.38,49.50,48.51,42.81,17920100.00
2016-03-10 00:00,48.94,49.13,47.96,42.57,18542700.00
2016-03-11 00:00,49.12,50.13,48.88,43.94,18318400.00
2016-03-14 00:00,49.97,50.07,49.44,43.77,12803900.00
2016-03-15 00:00,49.30,49.99,49.20,43.86,12945600.00
2016-03-16 00:00,49.75,50.29,49.28,43.47,16629700.00
2016-03-17 00:00,49.43,49.93,48.84,43.64,16002800.00
2016-03-18 00:00,50.44,50.70,49.93,44.35,35812100.00
2016-03-21 00:00,50.50,50.75,50.17,44.46,13543200.00
2016-03-22 00:00,50.21,50.58,50.00,44.20,13907000.00
2016-03-23 00:00,50.18,50.33,49.70,43.67,13648100.00
2016-03-24 00:00,49.02,49.08,48.52,42.91,20871100.00
2016-03-28 00:00,49.04,49.04,48.55,42.74,18478100.00
2016-03-29 00:00,48.62,48.65,47.84,42.16,24459500.00
2016-03-30 00:00,48.40,49.16,48.15,42.69,16794200.00
2016-03-31 00:00,48.60,48.84,48.27,42.44,16397600.00
2016-04-01 00:00,48.23,48.58,47.78,42.52,14321400.00
2016-04-04 00:00,48.42,48.67,48.20,42.56,12110200.00
2016-04-05 00:00,48.08,48.09,47.46,41.69,18297700.00
2016-04-06 00:00,47.39,48.13,47.22,42.19,17214400.00
2016-04-07 00:00,47.71,47.78,46.62,41.18,17593100.00
2016-04-08 00:00,47.35,47.65,46.97,41.30,12236500.00
2016-04-11 00:00,47.11,47.71,47.00,41.27,15113500.00
2016-04-12 00:00,47.14,47.83,46.95,41.92,18772600.00
2016-04-13 00:00,48.29,49.25,48.27,43.02,26311900.00
2016-04-14 00:00,48.30,49.30,48.17,42.81,30067900.00
2016-04-15 00:00,48.62,48.94,48.06,42.34,24885200.00
2016-04-18 00:00,48.25,48.88,47.91,42.86,18225800.00
2016-04-19 00:00,49.01,49.92,48.98,43.77,18673400.00
2016-04-20 00:00,49.98,50.52,49.76,44.27,22647700.00
2016-04-21 00:00,50.55,50.78,49.93,43.92,20255400.00
2016-04-22 00:00,50.05,50.74,50.05,44.42,16365700.00
2016-04-25 00:00,50.31,50.60,50.12,44.32,11689100.00
2016-04-26 00:00,50.51,50.99,50.45,44.68,13333500.00
2016-04-27 00:00,50.87,51.41,50.72,44.69,15342700.00
2016-04-28 00:00,50.51,50.93,50.20,44.24,15506300.00
2016-04-29 00:00,50.46,50.46,49.68,43.86,17887000.00
2016-05-02 00:00,50.28,50.70,50.15,44.39,14780300.00
2016-05-03 00:00,49.86,50.13,49.54,43.88,16246400.00
2016-05-04 00:00,49.06,49.27,48.68,43.27,22402500.00
2016-05-05 00:00,48.97,49.19,48.77,43.29,15953600.00
2016-05-06 00:00,48.71,49.12,48.65,43.35,14189600.00
2016-05-09 00:00,49.02,49.22,48.81,43.22,13877000.00
2016-05-10 00:00,49.00,49.51,49.00,43.68,14234400.00
2016-05-11 00:00,49.36,49.72,49.08,43.40,17344300.00
2016-05-12 00:00,49.34,49.58,49.05,43.50,13589600.00
2016-05-13 00:00,49.10,49.43,48.21,42.66,25251700.00
2016-05-16 00:00,48.12,48.63,47.94,42.68,19655300.00
2016-05-17 00:00,48.14,48.17,47.55,42.11,21495600.00
2016-05-18 00:00,47.68,48.72,47.62,43.02,30028200.00
2016-05-19 00:00,48.44,48.96,48.16,42.78,13604100.00
2016-05-20 00:00,48.62,49.21,48.56,43.11,13222800.00
2016-05-23 00:00,48.76,48.88,48.35,43.06,10644000.00
2016-05-24 00:00,49.05,49.37,48.69,43.50,16597700.00
2016-05-25 00:00,49.58,50.83,49.51,44.65,22478600.00
2016-05-26 00:00,50.52,50.66,50.40,44.70,14983300.00
2016-05-27 00:00,50.60,50.86,50.49,44.96,13430500.00
2016-05-31 00:00,51.02,51.19,50.49,44.85,19725000.00
2016-06-01 00:00,50.26,51.04,50.17,45.10,16774300.00
2016-06-02 00:00,50.96,51.11,50.71,45.19,14206700.00
2016-06-03 00:00,50.17,50.31,49.61,44.38,25452600.00
2016-06-06 00:00,50.24,50.87,50.19,44.65,14528500.00
2016-06-07 00:00,50.73,50.73,50.27,44.45,15310100.00
2016-06-08 00:00,50.25,50.44,49.74,44.21,18168500.00
2016-06-09 00:00,49.65,49.68,48.85,43.45,19464400.00
2016-06-10 00:00,48.49,48.71,48.17,42.74,16815300.00
2016-06-13 00:00,48.13,48.51,47.96,42.42,16150100.00
2016-06-14 00:00,47.86,48.12,46.51,41.45,25311700.00
2016-06-15 00:00,47.27,47.56,46.74,41.36,20142000.00
2016-06-16 00:00,46.47,46.86,45.96,41.43,15619300.00
2016-06-17 00:00,46.85,47.00,46.52,41.21,25661300.00
2016-06-20 00:00,47.49,47.90,46.92,41.50,19490100.00
2016-06-21 00:00,47.29,47.34,46.77,41.76,11731600.00
2016-06-22 00:00,47.15,47.58,46.93,41.53,17072100.00
2016-06-23 00:00,47.64,47.91,47.39,42.36,16270000.00
2016-06-24 00:00,45.76,46.97,45.28,40.42,46744100.00
2016-06-27 00:00,45.20,45.33,44.50,39.80,35030100.00
2016-06-28 00:00,45.89,46.11,45.34,40.76,27525700.00
2016-06-29 00:00,46.63,46.99,46.15,41.53,20856400.00
2016-06-30 00:00,47.24,47.36,46.53,41.85,22538800.00
2016-07-01 00:00,47.08,47.28,46.86,41.59,19013600.00
2016-07-05 00:00,46.70,46.76,45.81,40.86,22213000.00
2016-07-06 00:00,45.89,46.66,45.70,41.25,19024100.00
2016-07-07 00:00,46.58,47.22,46.44,41.38,17946200.00
2016-07-08 00:00,47.45,47.92,47.45,42.26,19775700.00
2016-07-11 00:00,48.10,48.45,47.94,42.51,16008700.00
2016-07-12 00:00,48.42,48.63,48.22,42.75,15067900.00
2016-07-13 00:00,48.31,48.47,47.98,42.68,14389600.00
2016-07-14 00:00,49.05,49.15,48.67,43.27,17578400.00
2016-07-15 00:00,48.85,48.88,47.41,42.19,35121000.00
2016-07-18 00:00,47.81,48.33,47.78,42.69,24139200.00
2016-07-19 00:00,48.08,48.55,48.05,42.77,15982900.00
2016-07-20 00:00,48.59,48.69,48.40,42.98,16569900.00
2016-07-21 00:00,48.65,48.81,48.29,42.71,15532000.00
2016-07-22 00:00,48.32,48.36,48.10,42.73,13588500.00
2016-07-25 00:00,48.24,48.26,47.85,42.55,12122200.00
2016-07-26 00:00,48.03,48.17,47.80,42.42,16130100.00
2016-07-27 00:00,47.95,48.22,47.78,42.44,17886800.00
2016-07-28 00:00,47.94,48.22,47.68,42.56,12562600.00
2016-07-29 00:00,47.95,48.17,47.95,42.42,13111700.00
2016-08-01 00:00,47.98,48.05,47.63,42.28,16026600.00
2016-08-02 00:00,47.66,47.83,47.39,42.18,17033100.00
2016-08-03 00:00,47.33,47.64,47.33,42.40,14913500.00
2016-08-04 00:00,47.60,48.00,47.57,42.64,14662600.00
2016-08-05 00:00,48.39,48.70,48.13,43.39,19064700.00
2016-08-08 00:00,48.78,49.05,48.74,43.60,14871600.00
2016-08-09 00:00,49.02,49.15,48.81,43.61,10449800.00
2016-08-10 00:00,48.82,48.93,48.08,42.94,16782700.00
2016-08-11 00:00,48.23,48.50,47.92,43.00,14614100.00
2016-08-12 00:00,48.05,48.08,47.83,42.70,13227500.00
2016-08-15 00:00,48.05,48.34,48.03,43.02,11758900.00
2016-08-16 00:00,48.16,48.60,48.06,43.18,13957600.00
2016-08-17 00:00,48.37,48.66,48.31,43.33,13062900.00
2016-08-18 00:00,48.50,48.66,48.33,43.26,12189200.00
2016-08-19 00:00,48.44,48.73,48.20,43.36,12557700.00
2016-08-22 00:00,48.64,48.74,48.50,43.35,9212600.00
2016-08-23 00:00,48.64,48.75,48.39,43.15,15430200.00
2016-08-24 00:00,48.50,48.77,48.35,43.35,16315800.00
2016-08-25 00:00,48.62,48.69,48.30,43.12,13643200.00
2016-08-26 00:00,48.58,48.84,48.28,43.24,15527300.00
2016-08-29 00:00,48.75,49.75,48.69,44.17,21201400.00
2016-08-30 00:00,49.73,50.64,49.68,45.12,25055800.00
2016-08-31 00:00,50.70,50.92,50.24,45.28,24533600.00
2016-09-01 00:00,50.92,51.00,50.11,44.95,17017100.00
2016-09-02 00:00,50.45,50.66,50.18,45.06,12684000.00
2016-09-06 00:00,50.56,50.57,49.63,44.56,21832200.00
2016-09-07 00:00,49.79,50.03,49.65,44.36,12437300.00
2016-09-08 00:00,49.81,49.99,49.56,44.48,14169200.00
2016-09-09 00:00,49.49,49.86,48.72,43.43,32147200.00
2016-09-12 00:00,48.37,48.64,47.98,43.27,35588400.00
2016-09-13 00:00,47.80,47.86,46.52,41.86,59000500.00
2016-09-14 00:00,47.08,47.58,46.50,41.47,44841700.00
2016-09-15 00:00,46.12,46.35,45.19,41.14,60827800.00
2016-09-16 00:00,45.70,45.87,45.25,40.49,51871400.00
2016-09-19 00:00,45.62,46.29,45.48,41.01,33562400.00
2016-09-20 00:00,47.15,47.20,46.12,41.50,51510400.00
2016-09-21 00:00,46.51,46.54,45.33,40.85,64530200.00
2016-09-22 00:00,45.83,46.12,45.37,40.75,36964400.00
2016-09-23 00:00,45.50,45.91,45.43,40.77,28710500.00
2016-09-26 00:00,45.37,45.50,44.65,40.00,30938000.00
2016-09-27 00:00,44.79,45.10,44.66,40.19,24359000.00
2016-09-28 00:00,45.36,45.48,44.96,40.39,28220300.00
2016-09-29 00:00,45.19,45.26,44.21,39.55,45266700.00
2016-09-30 00:00,44.33,44.73,44.10,39.47,54117700.00
2016-10-03 00:00,44.12,44.16,43.56,39.07,38197700.00
2016-10-04 00:00,43.62,44.09,43.55,39.00,44008300.00
2016-10-05 00:00,43.83,45.08,43.83,40.10,40459000.00
2016-10-06 00:00,45.18,45.39,44.83,40.27,29878200.00
2016-10-07 00:00,45.20,45.45,44.93,40.40,24893600.00
2016-10-10 00:00,45.70,45.92,45.44,40.69,21804900.00
2016-10-11 00:00,45.80,45.82,45.15,40.51,25442600.00
2016-10-12 00:00,45.51,45.83,45.32,40.40,21780500.00
2016-10-13 00:00,45.24,45.24,44.28,39.89,44174600.00
2016-10-14 00:00,45.17,45.52,44.32,39.85,45418600.00
2016-10-17 00:00,44.54,44.76,44.32,39.66,18861300.00
2016-10-18 00:00,44.75,45.00,44.41,40.07,23877600.00
2016-10-19 00:00,44.86,45.53,44.86,40.34,26977000.00
2016-10-20 00:00,44.97,45.29,44.66,40.05,27210600.00
2016-10-21 00:00,44.74,45.30,44.66,40.19,21490800.00
2016-10-24 00:00,45.45,45.68,45.29,40.57,19303800.00
2016-10-25 00:00,45.47,45.80,45.41,40.75,20402000.00
2016-10-26 00:00,45.46,46.17,45.44,41.14,25181900.00
2016-10-27 00:00,46.42,46.81,46.26,41.37,25661000.00
2016-10-28 00:00,46.57,46.64,45.88,41.21,20882000.00
2016-10-31 00:00,46.40,46.56,46.00,41.01,20115900.00
2016-11-01 00:00,46.12,46.28,45.60,40.99,20020200.00
2016-11-02 00:00,45.38,45.51,45.07,40.66,19566600.00
2016-11-03 00:00,45.33,45.79,45.25,40.75,14982700.00
2016-11-04 00:00,45.36,45.42,44.49,40.08,27391600.00
2016-11-07 00:00,45.22,45.69,45.21,40.80,25769400.00
2016-11-08 00:00,45.18,45.82,44.87,40.93,19462600.00
2016-11-09 00:00,46.33,48.61,46.00,43.13,67615000.00
2016-11-10 00:00,48.93,51.93,48.79,46.40,100988800.00
2016-11-11 00:00,51.09,51.99,50.73,46.49,46594900.00
2016-11-14 00:00,51.91,54.06,51.91,47.83,59154400.00
2016-11-15 00:00,52.38,52.59,51.54,47.27,39437900.00
2016-11-16 00:00,51.79,52.17,51.36,46.45,26996200.00
2016-11-17 00:00,51.39,52.90,50.96,47.18,29205900.00
2016-11-18 00:00,52.45,52.98,51.99,47.47,29673400.00
2016-11-21 00:00,52.85,52.98,52.02,46.84,23587200.00
2016-11-22 00:00,52.43,52.58,51.81,46.93,22816900.00
2016-11-23 00:00,52.45,52.63,51.95,46.88,19986800.00
2016-11-25 00:00,52.40,52.62,52.04,47.29,9635500.00
2016-11-28 00:00,52.12,52.48,51.39,46.36,26518500.00
2016-11-29 00:00,51.56,52.13,51.56,46.61,16267300.00
2016-11-30 00:00,52.48,53.16,52.30,47.56,26567200.00
2016-12-01 00:00,53.13,54.47,53.06,48.84,35623100.00
2016-12-02 00:00,54.24,54.27,53.31,48.16,21894700.00
2016-12-05 00:00,53.90,54.53,53.87,48.85,24793900.00
2016-12-06 00:00,54.45,55.57,54.22,49.93,30706700.00
2016-12-07 00:00,55.55,57.29,55.23,51.48,46617000.00
2016-12-08 00:00,57.29,58.02,56.71,51.49,39828600.00
2016-12-09 00:00,56.91,57.24,56.49,51.36,20331200.00
2016-12-12 00:00,56.50,57.10,55.55,50.13,27886200.00
2016-12-13 00:00,55.85,56.21,55.29,50.19,24355600.00
2016-12-14 00:00,54.74,55.62,54.03,49.16,54590600.00
2016-12-15 00:00,55.17,56.25,54.90,49.60,31345900.00
2016-12-16 00:00,55.49,55.65,54.92,49.74,33171800.00
2016-12-19 00:00,55.18,55.47,54.65,49.63,16801400.00
2016-12-20 00:00,55.47,56.32,55.15,50.42,19245300.00
2016-12-21 00:00,56.09,56.09,55.64,50.07,14058400.00
2016-12-22 00:00,55.76,56.03,55.50,50.11,14515500.00
2016-12-23 00:00,55.78,55.98,55.62,50.29,8313000.00
2016-12-27 00:00,55.90,56.10,55.84,50.29,8893900.00
2016-12-28 00:00,55.98,56.08,55.27,49.72,10609100.00
2016-12-29 00:00,55.19,55.46,54.48,49.29,15933500.00
2016-12-30 00:00,54.89,55.36,54.79,49.53,15095500.00
2017-01-03 00:00,55.67,56.35,55.46,50.33,22063800.00
2017-01-04 00:00,56.16,56.31,55.61,50.38,15036100.00
2017-01-05 00:00,55.49,55.82,54.48,49.59,18831600.00
2017-01-06 00:00,55.26,55.57,54.70,49.47,18715900.00
2017-01-09 00:00,54.68,54.81,54.18,48.75,21794100.00
2017-01-10 00:00,54.35,55.18,54.26,49.09,17978200.00
2017-01-11 00:00,54.60,54.80,53.72,49.25,21100600.00
2017-01-12 00:00,54.65,54.78,53.90,48.98,20566600.00
2017-01-13 00:00,55.11,56.20,54.65,49.71,37231600.00
2017-01-17 00:00,54.80,54.96,53.58,48.34,26974400.00
2017-01-18 00:00,53.78,54.29,53.34,48.78,21186700.00
2017-01-19 00:00,54.24,54.77,53.86,49.05,20906900.00
2017-01-20 00:00,54.75,55.11,54.62,49.49,24160800.00
2017-01-23 00:00,54.71,55.00,54.15,48.76,17227400.00
2017-01-24 00:00,54.36,55.07,54.13,49.16,18523300.00
2017-01-25 00:00,55.38,56.83,55.28,50.89,32252100.00
2017-01-26 00:00,56.61,57.33,56.59,51.39,23769800.00
2017-01-27 00:00,57.03,57.11,56.41,50.86,17186200.00
2017-01-30 00:00,56.12,56.32,55.75,50.40,15961400.00
2017-01-31 00:00,55.98,56.38,55.80,50.63,22409100.00
2017-02-01 00:00,56.54,57.07,55.77,50.59,21157700.00
2017-02-02 00:00,55.57,55.96,55.40,50.45,13044400.00
2017-02-03 00:00,56.88,57.29,56.43,51.82,19879800.00
2017-02-06 00:00,57.08,57.41,56.49,51.17,13940200.00
2017-02-07 00:00,56.86,57.19,56.27,50.98,14937400.00
2017-02-08 00:00,56.21,56.21,55.17,50.34,18592200.00
2017-02-09 00:00,55.63,56.77,55.63,51.33,15907800.00
2017-02-10 00:00,57.02,57.04,56.66,51.45,12268100.00
2017-02-13 00:00,57.07,57.51,56.89,51.65,15325300.00
2017-02-14 00:00,57.13,58.00,56.99,52.46,16382900.00
2017-02-15 00:00,58.10,59.01,57.89,52.98,25350400.00
2017-02-16 00:00,58.36,58.36,57.51,52.59,14694500.00
2017-02-17 00:00,57.58,58.10,57.45,52.56,15783200.00
2017-02-21 00:00,58.25,58.63,57.90,52.71,16916800.00
2017-02-22 00:00,58.00,58.59,58.00,52.81,12344200.00
2017-02-23 00:00,58.43,58.59,58.06,52.93,13841400.00
2017-02-24 00:00,57.70,57.91,57.32,52.31,16379100.00
2017-02-27 00:00,57.81,58.25,57.71,52.54,10101000.00
2017-02-28 00:00,57.99,58.32,57.73,52.37,15558900.00
2017-03-01 00:00,59.11,59.99,59.09,54.05,25912700.00
2017-03-02 00:00,59.78,59.79,58.57,53.12,17578600.00
2017-03-03 00:00,58.85,59.24,58.67,53.29,14740000.00
2017-03-06 00:00,58.54,58.88,58.18,53.03,13225500.00
2017-03-07 00:00,58.43,58.52,58.02,52.75,13099900.00
2017-03-08 00:00,58.95,59.13,58.17,52.67,14711300.00
2017-03-09 00:00,58.45,58.87,58.20,53.12,15721500.00
2017-03-10 00:00,58.98,59.18,58.52,53.25,15120200.00
2017-03-13 00:00,58.83,59.03,58.52,53.12,14063500.00
2017-03-14 00:00,58.49,58.81,58.25,53.17,10885000.00
2017-03-15 00:00,58.90,59.31,58.36,53.12,17777300.00
2017-03-16 00:00,58.86,59.41,58.76,53.68,18468200.00
2017-03-17 00:00,59.37,59.41,58.52,53.09,20985700.00
2017-03-20 00:00,58.47,58.47,57.62,52.15,17663200.00
2017-03-21 00:00,57.93,57.96,55.63,50.54,31766400.00
2017-03-22 00:00,55.53,55.57,54.85,50.07,27740900.00
2017-03-23 00:00,55.23,55.99,54.98,49.99,19000000.00
2017-03-24 00:00,55.50,56.05,55.22,50.52,21127500.00
2017-03-27 00:00,54.63,55.58,54.24,50.12,16854800.00
2017-03-28 00:00,55.35,56.25,55.24,50.64,14878900.00
2017-03-29 00:00,55.94,56.09,55.55,50.37,10329100.00
2017-03-30 00:00,55.68,56.43,55.61,50.89,12106500.00
2017-03-31 00:00,56.02,56.18,55.62,50.36,11864600.00
2017-04-03 00:00,55.70,55.82,54.79,50.21,14550700.00
2017-04-04 00:00,55.30,55.33,54.98,49.95,11937400.00
2017-04-05 00:00,55.79,56.20,54.93,49.75,17411700.00
2017-04-06 00:00,54.95,55.65,54.71,50.10,10387500.00
2017-04-07 00:00,54.94,55.31,54.61,49.62,15848800.00
2017-04-10 00:00,54.99,55.25,54.32,49.35,14607700.00
2017-04-11 00:00,54.23,54.26,53.27,49.01,28086800.00
2017-04-12 00:00,53.95,54.02,53.05,48.07,25601300.00
2017-04-13 00:00,51.80,52.75,51.35,46.46,47982000.00
2017-04-17 00:00,51.64,52.76,51.26,47.70,31959100.00
2017-04-18 00:00,52.36,52.67,52.09,47.46,22257500.00
2017-04-19 00:00,52.88,53.14,52.05,47.19,17414600.00
2017-04-20 00:00,52.72,53.59,52.43,48.41,31552900.00
2017-04-21 00:00,53.39,53.84,52.95,47.96,26177300.00
2017-04-24 00:00,54.15,54.34,53.59,48.55,23856700.00
2017-04-25 00:00,54.33,55.09,54.29,49.37,27061300.00
2017-04-26 00:00,54.60,55.07,54.36,49.35,15915500.00
2017-04-27 00:00,54.54,54.65,53.91,49.26,13978000.00
2017-04-28 00:00,54.33,54.58,53.73,48.72,16501900.00
2017-05-01 00:00,54.10,54.75,53.97,49.28,13915800.00
2017-05-02 00:00,54.46,54.61,54.06,49.35,15634900.00
2017-05-03 00:00,54.01,54.89,53.95,49.98,15737100.00
2017-05-04 00:00,55.27,55.60,54.87,50.28,17054100.00
2017-05-05 00:00,55.25,55.39,54.88,50.22,13078800.00
2017-05-08 00:00,55.12,55.29,54.75,50.15,14242800.00
2017-05-09 00:00,55.14,55.37,54.45,49.83,14402900.00
2017-05-10 00:00,54.43,54.91,54.36,49.86,15897200.00
2017-05-11 00:00,54.28,54.42,53.06,48.97,32200100.00
2017-05-12 00:00,53.30,53.32,52.54,48.31,29642300.00
2017-05-15 00:00,53.06,53.42,53.02,48.59,15245000.00
2017-05-16 00:00,53.40,53.44,52.95,48.53,12650100.00
2017-05-17 00:00,53.26,53.26,51.65,47.60,33173100.00
2017-05-18 00:00,52.31,52.96,51.95,47.73,19790100.00
2017-05-19 00:00,52.57,53.34,52.39,48.35,16895000.00
2017-05-22 00:00,53.27,53.32,52.50,48.30,13947000.00
2017-05-23 00:00,53.01,53.56,52.85,48.65,11751700.00
2017-05-24 00:00,53.49,53.61,52.80,48.38,11304400.00
2017-05-25 00:00,53.25,53.25,52.57,48.09,16643800.00
2017-05-26 00:00,52.63,52.81,52.37,47.76,14247700.00
2017-05-30 00:00,52.16,52.50,51.90,47.53,19379700.00
2017-05-31 00:00,52.23,52.25,50.83,46.60,30519700.00
2017-06-01 00:00,51.53,52.21,51.06,47.46,21001800.00
2017-06-02 00:00,51.67,52.24,51.53,47.21,19477300.00
2017-06-05 00:00,51.71,52.18,51.67,47.13,13663800.00
2017-06-06 00:00,51.32,52.03,51.24,47.21,14887500.00
2017-06-07 00:00,51.84,52.31,51.70,47.47,17022400.00
2017-06-08 00:00,52.09,53.03,51.88,47.89,22644200.00
2017-06-09 00:00,52.86,53.95,52.80,49.02,25750000.00
2017-06-12 00:00,53.98,54.59,53.94,49.29,22791400.00
2017-06-13 00:00,54.35,54.69,54.28,49.62,17966000.00
2017-06-14 00:00,54.09,54.64,53.57,49.69,16575000.00
2017-06-15 00:00,54.04,54.45,53.81,49.11,17232300.00
2017-06-16 00:00,53.93,54.24,53.65,49.11,23492700.00
2017-06-19 00:00,54.31,54.64,54.12,49.42,15367300.00
2017-06-20 00:00,54.06,54.10,53.43,48.71,13622200.00
2017-06-21 00:00,53.47,53.48,52.80,48.28,12653700.00
2017-06-22 00:00,52.80,52.89,52.22,47.83,15362200.00
2017-06-23 00:00,52.70,52.83,52.32,47.79,21868500.00
2017-06-26 00:00,52.73,53.43,52.59,48.20,12532800.00
2017-06-27 00:00,53.02,53.66,52.91,48.44,13496300.00
2017-06-28 00:00,53.61,54.42,53.52,49.51,20961700.00
2017-06-29 00:00,55.65,56.60,55.21,50.83,32552100.00
2017-06-30 00:00,56.03,56.05,55.16,50.49,16750700.00
2017-07-03 00:00,55.81,56.45,55.71,50.83,11825000.00
2017-07-05 00:00,55.97,56.02,55.34,50.83,14086900.00
2017-07-06 00:00,55.98,56.32,55.50,50.63,14481200.00
2017-07-07 00:00,55.78,55.83,55.25,50.79,11503500.00
2017-07-10 00:00,55.53,55.81,55.34,50.65,10979000.00
2017-07-11 00:00,55.66,55.71,54.82,50.15,14842700.00
2017-07-12 00:00,54.93,55.24,54.60,50.27,11951500.00
2017-07-13 00:00,55.26,55.67,55.06,50.66,14201800.00
2017-07-14 00:00,54.31,55.20,54.12,50.11,17949600.00
2017-07-17 00:00,54.90,54.98,54.44,49.85,14953600.00
2017-07-18 00:00,54.31,54.92,54.23,49.93,13603300.00
2017-07-19 00:00,54.80,55.21,54.69,50.06,12366200.00
2017-07-20 00:00,54.96,55.31,54.68,50.01,15123500.00
2017-07-21 00:00,54.43,54.62,54.10,49.36,17384500.00
2017-07-24 00:00,54.10,54.41,54.04,49.45,18489900.00
2017-07-25 00:00,55.00,55.41,54.91,50.17,20167800.00
2017-07-26 00:00,55.32,55.33,54.81,50.03,19686900.00
2017-07-27 00:00,54.86,54.96,54.39,49.85,17352600.00
2017-07-28 00:00,54.30,54.57,53.18,48.57,32590600.00
2017-07-31 00:00,53.42,54.22,53.40,49.15,20378100.00
2017-08-01 00:00,54.23,54.39,53.85,49.28,19350300.00
2017-08-02 00:00,53.54,53.96,53.45,49.21,19422100.00
2017-08-03 00:00,53.50,53.66,53.34,49.01,19374700.00
2017-08-04 00:00,53.67,53.70,51.91,48.50,44664600.00
2017-08-07 00:00,52.73,52.95,52.43,48.22,22673700.00
2017-08-08 00:00,52.32,53.30,52.22,48.38,24877800.00
2017-08-09 00:00,52.28,52.81,52.14,48.45,14631600.00
2017-08-10 00:00,52.39,52.72,51.92,47.68,18373000.00
2017-08-11 00:00,51.83,52.21,51.74,47.67,14714500.00
2017-08-14 00:00,52.37,53.09,52.34,48.50,16313200.00
2017-08-15 00:00,53.20,53.36,52.83,48.51,11028100.00
2017-08-16 00:00,53.01,53.21,52.46,48.36,11224400.00
2017-08-17 00:00,52.47,52.63,51.79,47.54,16814300.00
2017-08-18 00:00,51.63,52.14,51.38,47.43,17130600.00
2017-08-21 00:00,51.74,51.91,51.40,47.56,13503100.00
2017-08-22 00:00,51.95,52.27,51.92,47.93,12984100.00
2017-08-23 00:00,51.83,52.48,51.80,47.75,10019500.00
2017-08-24 00:00,52.19,52.53,52.04,47.87,12345000.00
2017-08-25 00:00,52.27,52.57,51.76,47.52,15307800.00
2017-08-28 00:00,51.95,52.02,51.42,47.39,12425900.00
2017-08-29 00:00,51.21,51.50,51.13,47.20,10715500.00
2017-08-30 00:00,51.46,51.74,51.20,47.14,11427500.00
2017-08-31 00:00,51.00,51.24,50.87,46.87,25231100.00
2017-09-01 00:00,51.06,51.49,50.93,46.78,16217700.00
2017-09-05 00:00,50.63,50.67,49.76,45.98,31251300.00
2017-09-06 00:00,50.25,50.27,49.56,45.78,26854000.00
2017-09-07 00:00,49.94,49.94,49.27,45.60,23367300.00
2017-09-08 00:00,49.61,49.98,49.43,45.51,18975700.00
2017-09-11 00:00,50.00,50.80,49.94,46.50,17987100.00
2017-09-12 00:00,50.85,51.73,50.84,47.33,17129500.00
2017-09-13 00:00,51.39,51.51,51.18,47.23,12617300.00
2017-09-14 00:00,51.54,51.72,51.08,47.08,13739400.00
2017-09-15 00:00,51.28,51.68,51.25,47.42,28494300.00
2017-09-18 00:00,51.67,52.84,51.61,48.38,20943400.00
2017-09-19 00:00,52.72,53.59,52.53,48.98,17047000.00
2017-09-20 00:00,53.39,54.11,53.28,49.33,21560400.00
2017-09-21 00:00,53.55,54.24,53.52,49.62,16210900.00
2017-09-22 00:00,53.92,54.36,53.75,49.79,18047800.00
2017-09-25 00:00,54.07,54.33,53.55,49.59,11595900.00
2017-09-26 00:00,54.10,54.28,53.76,49.38,12052500.00
2017-09-27 00:00,54.47,54.53,54.06,49.76,15840800.00
2017-09-28 00:00,54.29,54.33,53.74,49.79,14531700.00
2017-09-29 00:00,54.25,55.23,54.09,50.62,20872300.00
2017-10-02 00:00,55.16,55.47,54.86,50.91,11764400.00
2017-10-03 00:00,55.33,55.62,54.85,51.01,17405100.00
2017-10-04 00:00,55.31,55.35,54.90,50.44,14697800.00
2017-10-05 00:00,55.00,55.77,54.78,50.84,14560700.00
2017-10-06 00:00,55.48,55.68,55.22,51.01,11151200.00
2017-10-09 00:00,55.62,55.70,54.92,50.61,11377000.00
2017-10-10 00:00,55.37,55.72,55.15,51.04,12800500.00
2017-10-11 00:00,55.44,55.71,55.26,51.09,12843100.00
2017-10-12 00:00,55.69,55.71,55.06,50.67,15067500.00
2017-10-13 00:00,53.49,53.71,52.84,49.28,35310000.00
2017-10-16 00:00,53.65,53.97,53.42,49.38,22802400.00
2017-10-17 00:00,53.98,54.00,53.12,48.82,18614700.00
2017-10-18 00:00,53.41,54.07,53.32,49.02,21604000.00
2017-10-19 00:00,53.11,53.93,53.00,49.33,12669700.00
2017-10-20 00:00,54.21,55.07,54.04,50.41,28407700.00
2017-10-23 00:00,54.75,55.04,54.70,50.40,18102100.00
2017-10-24 00:00,55.00,55.56,55.00,50.87,18779400.00
2017-10-25 00:00,55.49,55.58,54.87,50.71,17096900.00
2017-10-26 00:00,55.45,56.17,55.45,51.05,15979200.00
2017-10-27 00:00,55.23,56.04,55.13,51.28,17258600.00
2017-10-30 00:00,55.45,55.96,55.31,51.26,12249200.00
2017-10-31 00:00,55.95,56.52,55.90,51.53,14619200.00
2017-11-01 00:00,56.32,56.84,56.19,51.59,11678300.00
2017-11-02 00:00,55.80,56.52,55.35,52.20,15630000.00
2017-11-03 00:00,56.25,56.44,55.90,52.08,10049200.00
2017-11-06 00:00,56.10,56.43,56.00,51.92,10414900.00
2017-11-07 00:00,56.17,56.29,54.67,50.88,18679100.00
2017-11-08 00:00,54.80,54.99,54.05,50.15,24047100.00
2017-11-09 00:00,53.90,54.19,53.21,49.91,24438800.00
2017-11-10 00:00,54.02,54.13,53.79,49.73,13671700.00
2017-11-13 00:00,53.52,53.91,53.41,49.65,13447000.00
2017-11-14 00:00,53.52,54.10,53.32,49.95,20830100.00
2017-11-15 00:00,53.63,54.12,53.49,49.68,18238600.00
2017-11-16 00:00,53.95,54.86,53.86,50.46,26361800.00
2017-11-17 00:00,54.21,54.46,53.97,50.05,15814800.00
2017-11-20 00:00,54.12,54.21,53.85,49.96,16943100.00
2017-11-21 00:00,54.08,54.58,53.99,50.39,13757000.00
2017-11-22 00:00,54.46,54.62,54.03,49.96,11421700.00
2017-11-24 00:00,54.19,54.31,54.00,49.99,5386500.00
2017-11-27 00:00,54.02,54.46,53.86,49.86,11066800.00
2017-11-28 00:00,53.87,55.89,53.72,51.36,25685200.00
2017-11-29 00:00,55.84,57.25,55.70,52.39,29631800.00
2017-11-30 00:00,57.03,57.33,56.38,52.19,30984400.00
2017-12-01 00:00,56.57,57.18,55.44,51.94,31242400.00
2017-12-04 00:00,57.27,57.99,57.20,53.04,28720400.00
2017-12-05 00:00,58.66,59.41,57.44,54.11,39754900.00
2017-12-06 00:00,58.68,59.10,58.12,54.13,26758300.00
2017-12-07 00:00,58.45,60.00,58.29,54.86,32990600.00
2017-12-08 00:00,59.31,59.92,59.15,54.82,22017100.00
2017-12-11 00:00,58.96,59.30,58.62,54.41,15876600.00
2017-12-12 00:00,58.71,60.56,58.71,55.76,25040400.00
2017-12-13 00:00,60.31,60.50,59.38,54.90,18227000.00
2017-12-14 00:00,59.55,59.99,59.21,54.73,14731000.00
2017-12-15 00:00,59.45,60.65,59.35,55.33,36467500.00
2017-12-18 00:00,60.44,61.13,60.37,56.31,19970900.00
2017-12-19 00:00,61.20,61.27,60.28,55.79,17062700.00
2017-12-20 00:00,60.88,61.07,60.06,55.58,16544500.00
2017-12-21 00:00,60.68,62.12,60.68,56.94,22130700.00
2017-12-22 00:00,62.00,62.24,61.19,56.89,11653200.00
2017-12-26 00:00,61.50,61.72,60.80,56.50,11662800.00
2017-12-27 00:00,61.10,61.24,60.66,56.33,10010800.00
2017-12-28 00:00,61.03,61.31,60.91,56.66,10550900.00
2017-12-29 00:00,61.46,61.58,60.67,56.07,10711400.00
2018-01-02 00:00,61.04,61.36,60.70,56.46,13819300.00
2018-01-03 00:00,61.22,61.77,61.10,56.90,14203700.00
2018-01-04 00:00,61.98,63.05,61.91,57.61,18740500.00
2018-01-05 00:00,62.76,62.81,62.09,58.00,14217900.00
2018-01-08 00:00,62.66,62.73,61.94,57.34,15569400.00
2018-01-09 00:00,62.30,62.77,62.07,57.54,15766500.00
2018-01-10 00:00,62.48,63.40,62.36,58.34,18107500.00
2018-01-11 00:00,63.65,63.67,62.69,58.24,22075000.00
2018-01-12 00:00,63.20,63.40,62.05,57.81,25886100.00
2018-01-16 00:00,62.79,63.15,62.18,57.77,17907800.00
2018-01-17 00:00,62.85,64.04,62.49,59.04,23892900.00
2018-01-18 00:00,63.87,64.31,63.86,59.11,16305900.00
2018-01-19 00:00,64.15,64.26,63.83,59.36,16524000.00
2018-01-22 00:00,64.00,64.75,63.97,59.83,12245200.00
2018-01-23 00:00,64.31,64.85,64.22,59.60,12937100.00
2018-01-24 00:00,64.95,65.63,64.80,60.52,20180300.00
2018-01-25 00:00,65.70,65.85,65.40,60.68,17568700.00
2018-01-26 00:00,65.89,66.04,65.25,60.94,16251900.00
2018-01-29 00:00,65.78,66.31,65.66,60.83,16105200.00
2018-01-30 00:00,65.43,65.93,65.28,60.33,16158900.00
2018-01-31 00:00,65.27,66.10,65.16,60.80,18147900.00
2018-02-01 00:00,65.37,66.09,65.06,60.91,15717600.00
2018-02-02 00:00,65.33,65.53,63.83,59.57,18905300.00
2018-02-05 00:00,58.70,59.89,57.50,54.07,103394400.00
2018-02-06 00:00,56.91,58.50,55.87,53.26,83076900.00
2018-02-07 00:00,56.94,58.12,56.75,53.50,45551000.00
2018-02-08 00:00,57.33,57.44,55.35,51.51,43569700.00
2018-02-09 00:00,56.14,56.54,54.72,52.19,48904600.00
2018-02-12 00:00,56.36,57.12,55.88,52.53,24401300.00
2018-02-13 00:00,56.06,58.09,55.95,53.93,24234200.00
2018-02-14 00:00,57.85,59.60,57.80,55.37,23681800.00
2018-02-15 00:00,59.82,60.10,59.15,55.80,22397300.00
2018-02-16 00:00,59.67,60.43,59.67,55.74,18661900.00
2018-02-20 00:00,59.86,61.27,59.78,55.74,18517600.00
2018-02-21 00:00,59.86,60.49,59.73,55.53,19987800.00
2018-02-22 00:00,59.88,60.17,58.68,54.68,17948600.00
2018-02-23 00:00,59.07,59.24,58.35,55.01,21099200.00
2018-02-26 00:00,59.75,60.00,58.95,55.76,16478300.00
2018-02-27 00:00,60.03,60.48,59.21,55.05,17024400.00
2018-02-28 00:00,59.47,59.82,58.32,54.31,17869100.00
2018-03-01 00:00,58.25,58.94,57.06,53.28,28491000.00
2018-03-02 00:00,56.92,57.62,56.42,53.38,22428500.00
2018-03-05 00:00,56.81,57.97,56.59,53.54,20560900.00
2018-03-06 00:00,57.71,57.87,56.64,53.06,23975900.00
2018-03-07 00:00,56.40,56.74,56.01,52.62,24788700.00
2018-03-08 00:00,56.75,57.02,56.23,52.74,16828400.00
2018-03-09 00:00,57.16,58.27,57.00,54.14,19051500.00
2018-03-12 00:00,58.27,58.56,57.96,53.94,12414800.00
2018-03-13 00:00,58.39,58.42,57.42,53.52,13810600.00
2018-03-14 00:00,57.86,57.90,56.45,52.65,12212900.00
2018-03-15 00:00,56.77,57.12,56.24,52.84,13277700.00
2018-03-16 00:00,56.99,57.17,55.87,51.97,37095000.00
2018-03-19 00:00,55.88,55.99,54.97,51.58,17982200.00
2018-03-20 00:00,55.77,55.89,54.66,51.04,26874600.00
2018-03-21 00:00,55.02,55.58,54.54,50.94,18997300.00
2018-03-22 00:00,54.21,54.28,52.18,48.84,32656300.00
2018-03-23 00:00,52.72,52.75,50.94,47.40,30975800.00
2018-03-26 00:00,51.95,52.55,51.52,48.62,26718000.00
2018-03-27 00:00,52.40,52.80,50.69,47.51,23669300.00
2018-03-28 00:00,51.16,51.93,50.95,47.86,23342500.00
2018-03-29 00:00,52.06,52.75,51.72,48.73,17706800.00
2018-04-02 00:00,52.37,52.40,50.42,47.74,23359800.00
2018-04-03 00:00,51.72,52.19,51.06,48.42,16646400.00
2018-04-04 00:00,51.13,53.04,51.01,49.19,15952700.00
2018-04-05 00:00,53.34,53.96,53.05,49.52,16488800.00
2018-04-06 00:00,52.65,52.92,51.96,48.56,22943800.00
2018-04-09 00:00,52.50,53.33,52.16,48.58,17032000.00
2018-04-10 00:00,52.99,53.06,52.12,48.92,14594700.00
2018-04-11 00:00,52.32,52.47,51.72,48.28,14673200.00
2018-04-12 00:00,52.16,53.27,52.03,49.00,19967800.00
2018-04-13 00:00,52.01,52.30,50.81,47.32,32054900.00
2018-04-16 00:00,50.59,51.34,50.31,47.23,31879100.00
2018-04-17 00:00,50.95,51.16,50.49,47.02,25507100.00
2018-04-18 00:00,50.78,50.97,50.26,46.85,21055700.00
2018-04-19 00:00,50.51,51.61,50.49,47.92,23678400.00
2018-04-20 00:00,51.93,52.82,51.82,48.87,31149300.00
2018-04-23 00:00,52.55,52.84,52.18,48.91,17723900.00
2018-04-24 00:00,52.95,53.75,52.18,48.82,23052100.00
2018-04-25 00:00,52.44,53.49,51.93,49.38,20978500.00
2018-04-26 00:00,52.99,53.11,52.26,48.76,17025800.00
2018-04-27 00:00,52.28,52.94,52.21,48.68,12304300.00
2018-04-30 00:00,52.56,53.05,51.96,48.31,17050500.00
2018-05-01 00:00,51.76,52.60,51.60,48.87,13903800.00
2018-05-02 00:00,52.38,52.87,52.06,48.52,16397200.00
2018-05-03 00:00,51.62,51.79,50.81,48.28,19216100.00
2018-05-04 00:00,51.17,52.90,51.07,49.10,16660500.00
2018-05-07 00:00,52.97,52.99,52.38,49.33,16259100.00
2018-05-08 00:00,52.72,53.71,52.63,49.83,20786200.00
2018-05-09 00:00,53.45,53.98,53.35,50.36,16286700.00
2018-05-10 00:00,54.13,54.73,53.63,51.19,20699000.00
2018-05-11 00:00,54.69,54.93,54.27,51.01,14424000.00
2018-05-14 00:00,54.78,54.82,54.33,51.03,12809100.00
2018-05-15 00:00,54.43,55.28,54.38,51.29,14991100.00
2018-05-16 00:00,54.70,55.32,54.56,51.56,16450200.00
2018-05-17 00:00,54.40,54.67,54.03,50.79,21622400.00
2018-05-18 00:00,54.15,54.42,53.69,50.30,21492700.00
2018-05-21 00:00,54.08,54.63,54.07,51.09,11491400.00
2018-05-22 00:00,54.63,55.65,54.44,51.77,17398200.00
2018-05-23 00:00,55.03,56.18,54.63,52.63,23566100.00
2018-05-24 00:00,55.87,55.90,54.44,51.21,24673400.00
2018-05-25 00:00,54.60,54.99,54.53,51.43,17741900.00
2018-05-29 00:00,54.04,54.26,52.64,49.60,31604000.00
2018-05-30 00:00,53.66,54.44,53.38,50.80,16416200.00
2018-05-31 00:00,54.21,54.38,53.80,50.58,17515900.00
2018-06-01 00:00,54.56,55.02,54.28,51.23,14100200.00
2018-06-04 00:00,54.79,55.17,54.60,51.36,10593700.00
2018-06-05 00:00,54.61,54.93,54.29,51.05,11883900.00
2018-06-06 00:00,54.72,55.63,54.66,52.07,15848200.00
2018-06-07 00:00,55.77,55.99,55.25,52.11,17299600.00
2018-06-08 00:00,55.56,55.77,54.98,52.16,12965900.00
2018-06-11 00:00,55.79,56.11,55.50,52.00,13518400.00
2018-06-12 00:00,55.64,55.95,55.09,51.88,13608300.00
2018-06-13 00:00,55.39,55.93,55.14,51.67,14901100.00
2018-06-14 00:00,55.33,55.35,54.48,51.28,18189100.00
2018-06-15 00:00,54.55,55.37,54.38,51.50,35715800.00
2018-06-18 00:00,54.51,55.23,54.43,51.60,17856700.00
2018-06-19 00:00,54.68,55.23,54.60,51.60,16654800.00
2018-06-20 00:00,55.46,55.59,54.44,51.03,16545600.00
2018-06-21 00:00,54.25,54.76,53.88,50.93,21191600.00
2018-06-22 00:00,54.96,55.05,53.78,50.53,24015000.00
2018-06-25 00:00,53.78,54.14,53.10,50.55,21069600.00
2018-06-26 00:00,53.90,53.94,53.02,50.05,14409100.00
2018-06-27 00:00,53.24,53.94,53.06,49.91,19520900.00
2018-06-28 00:00,53.55,53.86,53.02,50.24,13837300.00
2018-06-29 00:00,55.62,57.12,55.41,51.93,43888500.00
2018-07-02 00:00,55.20,56.38,55.07,52.76,21204900.00
2018-07-03 00:00,56.43,56.63,55.43,52.05,12830400.00
2018-07-05 00:00,55.92,56.08,55.05,51.75,16788600.00
2018-07-06 00:00,55.30,56.13,55.03,52.36,12389100.00
2018-07-09 00:00,56.19,56.97,56.01,53.18,16684000.00
2018-07-10 00:00,57.06,57.08,56.34,53.04,15581400.00
2018-07-11 00:00,56.40,56.75,55.98,52.52,15641400.00
2018-07-12 00:00,56.46,56.48,55.60,52.49,18236100.00
2018-07-13 00:00,54.74,55.79,53.63,51.86,34323400.00
2018-07-16 00:00,55.74,57.23,55.63,53.39,25538700.00
2018-07-17 00:00,56.95,57.03,56.43,52.98,21649000.00
2018-07-18 00:00,56.26,56.82,56.14,52.99,19913900.00
2018-07-19 00:00,56.26,56.88,56.02,52.77,22219400.00
2018-07-20 00:00,56.07,56.66,55.85,52.84,17250400.00
2018-07-23 00:00,56.39,58.09,56.30,54.33,24584100.00
2018-07-24 00:00,58.00,58.69,57.85,54.66,27245000.00
2018-07-25 00:00,58.10,58.50,57.85,54.55,15531100.00
2018-07-26 00:00,58.47,58.73,58.20,54.62,14165300.00
2018-07-27 00:00,58.38,58.90,58.16,54.92,17662900.00
2018-07-30 00:00,58.83,59.27,58.30,54.79,22699900.00
2018-07-31 00:00,58.61,58.71,57.20,53.67,21633800.00
2018-08-01 00:00,57.96,58.28,57.21,54.00,19192700.00
2018-08-02 00:00,57.08,58.45,57.08,54.60,13489100.00
2018-08-03 00:00,58.06,58.93,58.03,55.11,13720400.00
2018-08-06 00:00,58.58,59.03,58.19,55.17,13360500.00
2018-08-07 00:00,58.94,59.16,58.70,55.10,13810900.00
2018-08-08 00:00,58.76,59.50,58.76,55.45,13778600.00
2018-08-09 00:00,58.65,58.90,58.40,55.14,15859500.00
2018-08-10 00:00,57.38,58.42,57.38,54.78,16170100.00
2018-08-13 00:00,57.66,58.11,57.56,54.36,19541100.00
2018-08-14 00:00,57.67,58.26,57.67,54.80,14860400.00
2018-08-15 00:00,57.68,58.25,57.65,54.72,17378400.00
2018-08-16 00:00,58.14,58.81,58.05,55.35,19992500.00
2018-08-17 00:00,58.51,59.04,58.51,55.54,13737600.00
2018-08-20 00:00,58.81,59.21,58.67,55.70,11403400.00
2018-08-21 00:00,59.00,59.53,58.94,55.64,17943500.00
2018-08-22 00:00,59.04,59.50,58.83,55.83,20829600.00
2018-08-23 00:00,59.00,59.05,58.57,55.31,19655600.00
2018-08-24 00:00,58.90,58.92,58.67,55.38,14366600.00
2018-08-27 00:00,58.87,59.48,58.76,55.77,19915200.00
2018-08-28 00:00,59.19,59.33,58.99,55.74,19330200.00
2018-08-29 00:00,59.05,59.18,58.82,55.64,14436600.00
2018-08-30 00:00,58.67,59.08,58.43,55.16,14800900.00
2018-08-31 00:00,58.27,58.54,58.07,55.18,16720200.00
2018-09-04 00:00,58.45,58.95,58.07,55.48,19003700.00
2018-09-05 00:00,58.88,59.20,58.81,55.63,22332300.00
2018-09-06 00:00,58.91,59.16,57.93,54.66,20756900.00
2018-09-07 00:00,57.92,58.07,57.35,54.16,21482400.00
2018-09-10 00:00,57.62,57.84,57.31,54.22,15623000.00
2018-09-11 00:00,57.40,57.56,57.32,54.14,22160300.00
2018-09-12 00:00,57.33,57.39,55.80,52.79,23868800.00
2018-09-13 00:00,56.01,56.25,54.99,51.90,26954800.00
2018-09-14 00:00,55.19,55.56,54.70,51.64,20997600.00
2018-09-17 00:00,54.75,54.76,53.94,51.25,21959500.00
2018-09-18 00:00,54.25,54.70,54.04,51.43,22055200.00
2018-09-19 00:00,54.49,55.45,54.28,52.11,17046200.00
2018-09-20 00:00,55.63,55.81,54.99,52.42,20308000.00
2018-09-21 00:00,55.75,55.81,54.92,51.89,36158500.00
2018-09-24 00:00,54.80,55.16,54.24,51.20,19604700.00
2018-09-25 00:00,54.30,54.69,54.20,51.17,15207400.00
2018-09-26 00:00,54.38,54.45,53.02,50.16,22025100.00
2018-09-27 00:00,53.28,53.60,52.76,49.84,19991000.00
2018-09-28 00:00,52.69,52.98,52.41,49.60,18588600.00
2018-10-01 00:00,52.74,52.80,52.16,49.30,17209000.00
2018-10-02 00:00,52.24,52.35,51.88,49.19,17509600.00
2018-10-03 00:00,52.50,52.92,52.33,49.68,18444900.00
2018-10-04 00:00,52.73,53.86,52.73,50.49,21417500.00
2018-10-05 00:00,53.70,53.86,52.98,50.19,14793000.00
2018-10-08 00:00,52.98,53.96,52.98,50.64,12858200.00
2018-10-09 00:00,53.38,53.97,52.98,50.51,15918300.00
2018-10-10 00:00,53.70,54.07,52.41,49.47,21875900.00
2018-10-11 00:00,52.38,52.84,51.01,48.54,33147900.00
2018-10-12 00:00,52.10,53.33,50.87,49.17,32067300.00
2018-10-15 00:00,52.51,53.99,52.51,50.24,34118900.00
2018-10-16 00:00,53.31,53.79,52.53,50.70,28227200.00
2018-10-17 00:00,53.56,55.01,53.19,51.39,23524200.00
2018-10-18 00:00,54.17,54.40,52.76,50.11,22533300.00
2018-10-19 00:00,53.08,53.63,52.86,49.91,19521000.00
2018-10-22 00:00,53.07,53.17,51.56,48.74,17621500.00
2018-10-23 00:00,50.84,51.95,50.47,48.65,25529800.00
2018-10-24 00:00,51.31,51.49,50.02,47.36,31161500.00
2018-10-25 00:00,50.53,52.61,50.42,48.94,29366100.00
2018-10-26 00:00,51.32,51.93,50.79,48.36,30053800.00
2018-10-29 00:00,51.88,53.15,51.59,49.29,30541300.00
2018-10-30 00:00,52.45,52.91,51.87,49.72,24910900.00
2018-10-31 00:00,53.04,54.03,53.03,50.23,23667400.00
2018-11-01 00:00,53.43,53.96,53.15,50.54,17654800.00
2018-11-02 00:00,54.21,54.63,53.11,50.59,18285600.00
2018-11-05 00:00,53.73,54.30,51.16,50.63,18990000.00
2018-11-06 00:00,53.36,53.71,52.96,50.53,20696800.00
2018-11-07 00:00,53.82,54.18,52.79,50.56,20668500.00
2018-11-08 00:00,52.90,53.60,52.86,50.57,22429200.00
2018-11-09 00:00,53.09,53.39,52.73,50.45,18972200.00
2018-11-12 00:00,53.13,53.58,52.28,49.80,19003300.00
2018-11-13 00:00,52.62,53.33,52.62,50.17,28102000.00
2018-11-14 00:00,53.14,53.29,51.49,49.61,24788400.00
2018-11-15 00:00,51.54,52.91,51.28,50.25,23220100.00
2018-11-16 00:00,52.65,53.18,52.48,50.36,18872500.00
2018-11-19 00:00,52.97,53.48,52.60,50.72,20215500.00
2018-11-20 00:00,53.05,53.24,52.36,49.98,22999200.00
2018-11-21 00:00,52.62,53.20,52.27,49.87,16946300.00
2018-11-23 00:00,51.97,52.29,51.61,49.30,11139400.00
2018-11-26 00:00,52.33,53.18,52.33,50.30,20581700.00
2018-11-27 00:00,52.69,53.32,52.45,50.60,18044600.00
2018-11-28 00:00,53.15,54.36,52.58,51.70,23713300.00
2018-11-29 00:00,53.97,54.42,53.79,51.41,14978400.00
2018-11-30 00:00,54.08,54.55,53.87,51.63,18939000.00
2018-12-03 00:00,54.78,55.04,53.60,51.60,21261700.00
2018-12-04 00:00,53.95,53.99,51.51,49.26,33280500.00
2018-12-06 00:00,50.65,51.14,50.02,48.60,40310200.00
2018-12-07 00:00,50.89,51.45,50.05,47.81,28510500.00
2018-12-10 00:00,50.07,50.07,48.30,46.42,34524600.00
2018-12-11 00:00,49.41,49.59,47.55,45.43,32388600.00
2018-12-12 00:00,48.29,48.30,46.85,45.41,42820000.00
2018-12-13 00:00,47.97,48.12,46.93,44.74,35227100.00
2018-12-14 00:00,46.55,47.49,46.38,44.27,25913000.00
2018-12-17 00:00,46.22,47.31,46.12,44.34,29443300.00
2018-12-18 00:00,46.94,47.52,46.32,44.25,26740000.00
2018-12-19 00:00,46.39,47.43,45.30,43.44,34287600.00
2018-12-20 00:00,45.40,46.77,45.33,43.80,43969900.00
2018-12-21 00:00,45.59,46.53,44.93,42.92,55577900.00
2018-12-24 00:00,44.47,45.10,43.60,41.47,18049900.00
2018-12-26 00:00,43.84,45.59,43.02,43.37,27770000.00
2018-12-27 00:00,44.72,45.53,43.85,43.31,27005300.00
2018-12-28 00:00,45.68,46.43,45.53,43.55,23635000.00
2018-12-31 00:00,45.98,46.48,45.57,43.83,16544500.00
2019-01-02 00:00,45.53,46.95,45.41,44.65,20295200.00
2019-01-03 00:00,46.65,47.35,46.37,44.30,22262000.00
2019-01-04 00:00,47.42,48.11,47.20,45.61,23343600.00
2019-01-07 00:00,47.78,48.23,47.54,45.32,21858000.00
2019-01-08 00:00,47.90,48.16,46.92,45.22,19702900.00
2019-01-09 00:00,47.51,47.98,47.08,45.47,18837700.00
2019-01-10 00:00,47.50,48.05,47.31,45.42,16208400.00
2019-01-11 00:00,47.50,48.09,47.18,45.54,20006900.00
2019-01-14 00:00,47.51,48.49,47.40,46.06,23827600.00
2019-01-15 00:00,47.60,48.25,47.01,45.35,27447600.00
2019-01-16 00:00,48.15,49.34,47.99,46.55,32026400.00
2019-01-17 00:00,48.64,49.36,48.40,46.83,25738800.00
2019-01-18 00:00,49.10,50.16,48.86,47.57,36380300.00
2019-01-22 00:00,49.77,50.10,49.63,47.43,33975200.00
2019-01-23 00:00,50.00,50.32,49.50,47.68,16806700.00
2019-01-24 00:00,49.79,50.34,49.65,47.54,17862100.00
2019-01-25 00:00,50.40,50.54,49.96,47.69,20183400.00
2019-01-28 00:00,49.77,49.90,49.20,47.39,19913100.00
2019-01-29 00:00,49.78,50.11,49.72,47.42,11927600.00
2019-01-30 00:00,49.84,50.35,49.59,47.65,16885100.00
2019-01-31 00:00,49.28,49.42,48.66,46.95,24934700.00
2019-02-01 00:00,49.00,49.08,48.79,46.95,21123500.00
2019-02-04 00:00,48.85,49.15,48.71,47.09,17547800.00
2019-02-05 00:00,49.27,49.32,48.75,47.29,14784900.00
2019-02-06 00:00,49.09,49.53,49.07,47.24,12145700.00
2019-02-07 00:00,49.09,49.30,47.71,46.15,24189700.00
2019-02-08 00:00,47.94,48.04,47.06,45.74,20641200.00
2019-02-11 00:00,47.87,47.96,47.38,45.74,15995900.00
2019-02-12 00:00,48.01,49.46,48.01,47.08,22033000.00
2019-02-13 00:00,49.24,49.71,48.89,47.05,13770900.00
2019-02-14 00:00,48.63,48.91,48.03,46.57,16456500.00
2019-02-15 00:00,49.09,49.42,48.49,47.24,19346200.00
2019-02-19 00:00,49.03,49.62,48.82,47.40,15121700.00
2019-02-20 00:00,49.43,49.88,49.30,47.81,16742600.00
2019-02-21 00:00,49.76,49.89,49.37,47.57,16938800.00
2019-02-22 00:00,49.60,49.75,48.95,47.05,15848200.00
2019-02-25 00:00,49.26,50.23,49.25,47.67,16564100.00
2019-02-26 00:00,49.49,50.14,49.34,47.60,16997800.00
2019-02-27 00:00,49.59,50.03,49.36,47.90,17455000.00
2019-02-28 00:00,49.98,50.13,49.73,47.89,17786600.00
2019-03-01 00:00,50.23,50.84,49.87,48.02,19051400.00
2019-03-04 00:00,50.29,50.90,49.69,48.10,16697000.00
2019-03-05 00:00,50.03,50.05,49.33,47.89,14235400.00
2019-03-06 00:00,49.97,50.22,49.68,47.82,14211000.00
2019-03-07 00:00,49.71,49.85,49.29,47.69,19047300.00
2019-03-08 00:00,49.26,49.90,49.17,47.80,17400000.00
2019-03-11 00:00,50.00,50.10,49.63,47.76,19471500.00
2019-03-12 00:00,49.78,50.05,49.54,47.66,18299300.00
2019-03-13 00:00,49.87,50.08,49.61,47.92,21647300.00
2019-03-14 00:00,50.07,50.79,49.93,48.33,20160700.00
2019-03-15 00:00,50.22,50.80,50.00,48.63,46117300.00
2019-03-18 00:00,50.84,52.07,50.83,49.65,23843300.00
2019-03-19 00:00,52.42,52.42,51.34,49.35,19911900.00
2019-03-20 00:00,51.19,51.57,50.33,48.38,20632400.00
2019-03-21 00:00,49.98,50.14,49.17,47.86,24132800.00
2019-03-22 00:00,49.25,49.47,48.00,46.37,27975800.00
2019-03-25 00:00,48.42,48.89,47.85,46.15,17227600.00
2019-03-26 00:00,48.52,49.04,48.41,47.04,16989600.00
2019-03-27 00:00,48.94,49.19,48.45,46.81,16912000.00
2019-03-28 00:00,48.73,49.22,48.35,47.12,15881600.00
2019-03-29 00:00,49.80,49.80,47.80,46.38,53590800.00
2019-04-01 00:00,48.43,48.90,48.17,46.85,42015500.00
2019-04-02 00:00,48.57,48.88,47.96,46.28,35393600.00
2019-04-03 00:00,48.47,48.87,48.08,46.90,30366300.00
2019-04-04 00:00,48.95,49.68,48.88,47.20,19260100.00
2019-04-05 00:00,49.26,49.41,48.60,46.82,23734900.00
2019-04-08 00:00,48.64,49.10,48.58,46.92,18875200.00
2019-04-09 00:00,48.68,48.70,48.02,46.21,22903500.00
2019-04-10 00:00,48.08,48.19,47.40,45.87,30977800.00
2019-04-11 00:00,47.97,48.26,47.38,45.82,33662700.00
2019-04-12 00:00,47.75,48.82,46.06,44.62,70271400.00
2019-04-15 00:00,45.87,47.06,45.66,44.89,34954000.00
2019-04-16 00:00,46.88,47.87,46.87,45.74,25217100.00
2019-04-17 00:00,47.96,47.96,46.92,45.64,25144000.00
2019-04-18 00:00,47.44,47.87,47.12,45.67,22416800.00
2019-04-22 00:00,47.41,47.50,47.10,45.36,15972600.00
2019-04-23 00:00,47.20,47.44,46.95,45.45,16434300.00
2019-04-24 00:00,47.06,47.69,47.03,45.57,17831800.00
2019-04-25 00:00,47.17,47.96,46.91,45.60,23042800.00
2019-04-26 00:00,47.52,47.98,47.40,46.04,13035500.00
2019-04-29 00:00,47.97,48.79,47.96,46.33,16918700.00
2019-04-30 00:00,48.35,48.56,48.11,46.47,18525100.00
2019-05-01 00:00,48.32,48.85,47.99,46.29,17542100.00
2019-05-02 00:00,48.35,48.49,47.85,46.36,16883000.00
2019-05-03 00:00,48.52,48.77,48.35,46.70,16571300.00
2019-05-06 00:00,47.99,48.73,47.88,46.49,19279900.00
2019-05-07 00:00,48.05,48.16,46.91,45.28,23919100.00
2019-05-08 00:00,47.06,47.31,46.81,45.11,19814400.00
2019-05-09 00:00,46.00,46.83,45.78,45.30,23246900.00
2019-05-10 00:00,46.41,47.37,46.11,45.70,19983400.00
2019-05-13 00:00,46.28,46.99,46.26,44.90,23304700.00
2019-05-14 00:00,46.38,46.93,45.98,45.06,21267600.00
2019-05-15 00:00,46.02,46.35,45.49,44.43,20123300.00
2019-05-16 00:00,45.99,46.53,45.76,44.48,20764100.00
2019-05-17 00:00,45.44,46.23,45.41,44.29,22273500.00
2019-05-20 00:00,45.62,45.91,45.30,44.05,18854000.00
2019-05-21 00:00,45.62,46.36,45.52,44.90,18416300.00
2019-05-22 00:00,46.07,46.31,45.96,44.68,13155000.00
2019-05-23 00:00,45.83,45.86,45.07,44.15,17643700.00
2019-05-24 00:00,45.76,46.35,45.59,44.75,13425500.00
2019-05-28 00:00,46.07,46.25,45.58,44.18,19984600.00
2019-05-29 00:00,45.39,45.68,45.13,44.08,16058800.00
2019-05-30 00:00,45.69,45.85,44.88,43.66,13775900.00
2019-05-31 00:00,44.53,44.86,44.22,43.00,17540500.00
2019-06-03 00:00,44.24,45.11,44.20,43.15,20172500.00
2019-06-04 00:00,45.16,45.76,45.01,44.27,21082000.00
2019-06-05 00:00,45.87,45.90,45.30,44.45,13705400.00
2019-06-06 00:00,45.74,46.19,45.45,44.50,16020500.00
2019-06-07 00:00,45.90,46.16,45.55,44.22,14979900.00
2019-06-10 00:00,46.06,46.81,46.06,44.84,15242700.00
2019-06-11 00:00,45.84,46.46,45.77,44.83,15078300.00
2019-06-12 00:00,46.01,46.27,44.78,43.52,22463300.00
2019-06-13 00:00,45.10,45.63,44.92,43.89,15629400.00
2019-06-14 00:00,45.31,45.79,44.84,44.18,16147500.00
2019-06-17 00:00,45.58,46.02,45.14,43.87,13420400.00
2019-06-18 00:00,45.25,46.39,45.06,44.68,18611100.00
2019-06-19 00:00,46.48,46.75,45.63,44.24,17787600.00
2019-06-20 00:00,45.85,45.99,45.24,44.45,19205200.00
2019-06-21 00:00,45.84,46.89,45.79,45.44,39186200.00
2019-06-24 00:00,46.55,46.69,46.23,44.84,21854400.00
2019-06-25 00:00,46.13,46.53,45.43,44.72,20814000.00
2019-06-26 00:00,46.21,46.28,45.78,44.39,17106800.00
2019-06-27 00:00,46.22,46.53,46.11,44.86,13391600.00
2019-06-28 00:00,46.81,47.70,46.80,45.86,31030900.00
2019-07-01 00:00,47.88,48.12,47.40,46.22,15122100.00
2019-07-02 00:00,47.52,47.80,46.92,45.77,12107200.00
2019-07-03 00:00,47.30,47.79,46.98,46.19,10438400.00
2019-07-05 00:00,48.10,48.19,47.67,46.30,10801600.00
2019-07-08 00:00,47.40,47.99,47.31,46.06,13189300.00
2019-07-09 00:00,47.30,47.89,47.21,46.35,12595000.00
2019-07-10 00:00,47.67,47.81,47.04,45.70,12784900.00
2019-07-11 00:00,47.21,47.58,47.06,45.69,19751400.00
2019-07-12 00:00,47.12,47.42,46.92,45.90,12792600.00
2019-07-15 00:00,47.40,47.45,46.44,45.27,21338400.00
2019-07-16 00:00,46.72,46.97,45.22,43.90,37548300.00
2019-07-17 00:00,45.20,45.75,45.14,43.82,24502100.00
2019-07-18 00:00,45.22,46.02,45.19,44.41,19412500.00
2019-07-19 00:00,45.96,46.41,45.86,44.61,21847900.00
2019-07-22 00:00,45.89,46.55,45.77,45.05,17972100.00
2019-07-23 00:00,46.68,47.59,46.66,45.74,21150200.00
2019-07-24 00:00,47.30,48.47,47.28,46.96,29357200.00
2019-07-25 00:00,48.52,48.74,48.01,46.61,20562000.00
2019-07-26 00:00,48.15,49.31,48.07,47.78,21641500.00
2019-07-29 00:00,49.38,49.57,48.18,46.79,19148600.00
2019-07-30 00:00,48.01,48.59,47.89,47.05,14207000.00
2019-07-31 00:00,48.26,48.98,48.11,46.92,23422800.00
2019-08-01 00:00,48.41,48.64,46.95,45.61,22668600.00
2019-08-02 00:00,47.11,47.61,46.37,45.98,20159000.00
2019-08-05 00:00,46.50,46.80,45.85,44.72,27113500.00
2019-08-06 00:00,46.61,47.03,45.82,45.48,19446100.00
2019-08-07 00:00,46.07,46.15,45.23,44.40,27830000.00
2019-08-08 00:00,45.69,46.64,45.55,45.47,20671300.00
2019-08-09 00:00,46.02,46.66,45.75,45.38,19786100.00
2019-08-12 00:00,45.51,45.91,45.33,44.52,16460500.00
2019-08-13 00:00,45.61,46.42,45.26,45.04,16649100.00
2019-08-14 00:00,45.02,45.10,43.94,43.09,28786700.00
2019-08-15 00:00,44.30,44.50,43.34,42.52,27900000.00
2019-08-16 00:00,43.74,44.54,43.63,43.51,21196600.00
2019-08-19 00:00,45.13,45.47,44.93,44.35,15378100.00
2019-08-20 00:00,45.04,45.04,44.63,43.79,13345800.00
2019-08-21 00:00,44.96,45.28,44.81,44.10,13513700.00
2019-08-22 00:00,45.33,45.83,45.06,44.71,14703900.00
2019-08-23 00:00,45.20,45.65,44.09,43.53,21152500.00
2019-08-26 00:00,44.71,45.00,44.49,44.08,15973100.00
2019-08-27 00:00,45.23,45.33,44.43,43.86,15038200.00
2019-08-28 00:00,44.64,45.78,44.49,44.56,14740000.00
2019-08-29 00:00,46.00,46.49,45.78,45.27,16196600.00
2019-08-30 00:00,46.54,46.90,46.41,45.64,15250600.00
2019-09-03 00:00,46.31,46.34,45.48,45.17,17224200.00
2019-09-04 00:00,46.54,46.70,46.28,45.57,17123100.00
2019-09-05 00:00,47.31,48.17,47.30,46.67,19243400.00
2019-09-06 00:00,47.58,47.77,47.10,46.21,18846100.00
2019-09-09 00:00,47.32,48.64,46.89,47.44,27651400.00
2019-09-10 00:00,48.07,48.93,48.07,47.35,25822400.00
2019-09-11 00:00,48.29,48.98,47.79,47.88,19190000.00
2019-09-12 00:00,48.52,49.08,48.22,47.68,24305900.00
2019-09-13 00:00,49.01,49.36,48.66,47.94,25142400.00
2019-09-16 00:00,48.46,49.00,48.40,48.00,17759700.00
2019-09-17 00:00,48.70,48.86,48.31,47.79,18346100.00
2019-09-18 00:00,48.63,49.21,48.43,47.95,20511700.00
2019-09-19 00:00,48.99,49.31,48.87,47.93,16887500.00
2019-09-20 00:00,49.07,49.30,48.61,47.66,30229400.00
2019-09-23 00:00,48.32,49.09,48.31,47.98,20603400.00
2019-09-24 00:00,48.98,49.22,48.47,47.68,21629300.00
2019-09-25 00:00,48.73,49.54,48.65,48.28,21313100.00
2019-09-26 00:00,49.25,49.37,48.82,47.90,19984000.00
2019-09-27 00:00,50.40,51.41,50.25,49.70,59467400.00
2019-09-30 00:00,50.77,50.85,50.06,49.43,26897100.00
2019-10-01 00:00,50.65,50.78,49.00,48.08,27249300.00
2019-10-02 00:00,48.72,49.04,48.37,47.50,23515900.00
2019-10-03 00:00,48.30,48.51,47.32,47.51,20212200.00
2019-10-04 00:00,48.66,49.25,48.53,48.23,15779500.00
2019-10-07 00:00,48.95,49.29,48.75,47.84,15691900.00
2019-10-08 00:00,48.25,48.35,47.54,46.87,19734000.00
2019-10-09 00:00,48.17,48.42,48.08,47.19,13467800.00
2019-10-10 00:00,48.33,49.07,48.16,47.68,18267800.00
2019-10-11 00:00,49.46,49.92,49.15,48.23,23024600.00
2019-10-14 00:00,49.09,49.45,48.98,48.29,16870500.00
2019-10-15 00:00,49.28,51.25,48.78,49.11,38478400.00
2019-10-16 00:00,50.04,50.28,49.45,48.60,23728400.00
2019-10-17 00:00,49.98,50.17,49.48,48.62,20560100.00
2019-10-18 00:00,49.34,50.22,49.32,48.97,21199500.00
2019-10-21 00:00,50.28,50.50,50.18,49.45,19409100.00
2019-10-22 00:00,50.44,51.02,50.23,49.61,18526900.00
2019-10-23 00:00,50.72,50.97,50.57,49.91,14173700.00
2019-10-24 00:00,50.66,51.20,50.66,50.08,16695400.00
2019-10-25 00:00,51.08,51.73,51.00,50.54,17433300.00
2019-10-28 00:00,51.94,52.05,51.57,50.62,23914800.00
2019-10-29 00:00,51.50,52.36,51.50,51.13,21063000.00
2019-10-30 00:00,51.88,52.28,51.62,50.99,16155900.00
2019-10-31 00:00,51.77,52.03,51.15,50.60,18814700.00
2019-11-01 00:00,52.13,52.29,51.91,51.14,16359100.00
2019-11-04 00:00,52.58,52.80,52.24,51.67,17559900.00
2019-11-05 00:00,52.74,53.50,52.74,52.24,25965300.00
2019-11-06 00:00,53.29,53.84,53.17,52.73,22051100.00
2019-11-07 00:00,53.78,54.40,53.78,53.43,23452500.00
2019-11-08 00:00,53.83,54.23,53.56,53.53,14722100.00
2019-11-11 00:00,53.79,54.14,53.73,53.48,10659400.00
2019-11-12 00:00,53.75,54.24,53.62,53.65,15187600.00
2019-11-13 00:00,53.81,53.90,53.21,52.73,16846800.00
2019-11-14 00:00,53.22,53.56,53.10,52.93,16491400.00
2019-11-15 00:00,53.78,53.94,53.43,53.23,15225300.00
2019-11-18 00:00,53.84,54.11,53.65,53.43,14374600.00
2019-11-19 00:00,54.10,54.33,53.87,53.46,14434100.00
2019-11-20 00:00,53.73,53.86,53.25,52.97,14994700.00
2019-11-21 00:00,53.84,53.93,53.34,52.99,16186100.00
2019-11-22 00:00,53.90,54.35,53.81,53.71,13823400.00
2019-11-25 00:00,54.53,54.53,54.04,53.64,15561000.00
2019-11-26 00:00,54.11,54.12,53.73,53.24,18078900.00
2019-11-27 00:00,54.15,54.40,54.01,53.77,16352900.00
2019-11-29 00:00,54.07,54.75,54.07,53.89,10508600.00
2019-12-02 00:00,54.31,54.44,53.55,53.05,20252700.00
2019-12-03 00:00,53.01,53.05,52.17,52.02,25560700.00
2019-12-04 00:00,52.60,53.48,52.54,52.68,18867400.00
2019-12-05 00:00,53.41,53.53,53.10,52.67,13499700.00
2019-12-06 00:00,53.86,54.41,53.69,53.80,18325700.00
2019-12-09 00:00,54.17,54.55,53.91,53.35,15070800.00
2019-12-10 00:00,53.49,53.87,53.38,53.12,15959100.00
2019-12-11 00:00,53.74,53.98,53.07,52.61,16834200.00
2019-12-12 00:00,53.37,54.55,53.10,53.79,19119500.00
2019-12-13 00:00,54.05,54.42,53.43,53.22,19179300.00
2019-12-16 00:00,54.24,54.56,54.22,53.65,19793500.00
2019-12-17 00:00,54.11,54.51,53.99,53.77,16723400.00
2019-12-18 00:00,54.46,54.46,53.63,53.10,18857000.00
2019-12-19 00:00,53.74,53.83,53.42,53.06,18133300.00
2019-12-20 00:00,54.05,54.05,53.07,52.77,66318000.00
2019-12-23 00:00,53.34,54.00,53.25,53.24,17637700.00
2019-12-24 00:00,53.95,54.04,53.74,53.25,4635500.00
2019-12-26 00:00,54.05,54.39,53.95,53.58,12517100.00
2019-12-27 00:00,54.29,54.32,53.87,53.35,9892000.00
2019-12-30 00:00,54.17,54.26,53.50,53.03,10900500.00
2019-12-31 00:00,53.53,53.82,53.46,53.23,12566000.00
2020-01-02 00:00,53.85,54.04,53.51,53.18,16803100.00
2020-01-03 00:00,53.11,53.62,52.90,52.86,15608800.00
2020-01-06 00:00,52.74,53.20,52.72,52.54,13200300.00
2020-01-07 00:00,53.05,53.05,52.47,52.10,13278600.00
2020-01-08 00:00,52.84,53.33,52.80,52.26,16585600.00
2020-01-09 00:00,53.20,53.20,52.48,52.17,20817400.00
2020-01-10 00:00,52.79,52.90,52.48,51.95,13777600.00
2020-01-13 00:00,52.50,52.50,51.83,51.56,25197600.00
2020-01-14 00:00,50.23,50.74,49.25,48.78,56668300.00
2020-01-15 00:00,48.83,48.84,47.98,47.81,47148000.00
2020-01-16 00:00,48.46,49.32,47.84,48.73,37020200.00
2020-01-17 00:00,49.37,49.42,48.53,48.66,29669200.00
2020-01-21 00:00,49.09,49.88,48.80,48.42,30858300.00
2020-01-22 00:00,49.03,49.09,48.29,48.05,20367700.00
2020-01-23 00:00,48.39,48.45,47.98,47.71,17297900.00
2020-01-24 00:00,48.19,48.21,47.18,47.07,21239600.00
2020-01-27 00:00,46.89,47.42,46.74,46.60,18156200.00
2020-01-28 00:00,47.51,47.79,47.28,46.87,16673300.00
2020-01-29 00:00,47.42,47.90,47.26,46.77,16166300.00
2020-01-30 00:00,47.17,47.95,47.04,47.40,14760200.00
2020-01-31 00:00,47.42,47.45,46.75,46.44,23080400.00
2020-02-03 00:00,47.24,47.72,47.03,46.62,15472000.00
2020-02-04 00:00,47.70,47.84,47.25,46.76,14973300.00
2020-02-05 00:00,47.90,48.40,47.78,47.80,20141800.00
2020-02-06 00:00,48.44,48.50,47.85,47.98,18259200.00
2020-02-07 00:00,47.73,48.00,47.48,47.84,13174600.00
2020-02-10 00:00,47.67,47.86,47.42,47.77,18124800.00
2020-02-11 00:00,48.08,48.34,47.94,47.99,13686100.00
2020-02-12 00:00,48.22,48.49,47.76,47.79,16668100.00
2020-02-13 00:00,47.62,48.18,47.55,48.12,12530000.00
2020-02-14 00:00,48.14,48.32,47.75,48.22,15526400.00
2020-02-18 00:00,47.97,48.12,46.53,46.99,22423800.00
2020-02-19 00:00,47.25,47.35,46.98,47.09,15602500.00
2020-02-20 00:00,47.00,47.41,46.68,47.34,15965500.00
2020-02-21 00:00,47.48,47.85,47.10,47.70,21729100.00
2020-02-24 00:00,46.58,46.95,46.26,46.39,23075900.00
2020-02-25 00:00,46.29,46.67,44.96,45.12,31110100.00
2020-02-26 00:00,45.48,45.65,44.13,44.14,27372600.00
2020-02-27 00:00,43.32,44.32,42.43,42.47,41180000.00
2020-02-28 00:00,41.31,41.87,39.75,40.85,71710100.00
2020-03-02 00:00,40.98,42.28,39.46,42.26,44231200.00
2020-03-03 00:00,42.06,42.90,40.03,40.53,45091000.00
2020-03-04 00:00,41.01,41.43,39.96,41.40,33881500.00
2020-03-05 00:00,40.00,40.01,38.57,38.90,45037900.00
2020-03-06 00:00,37.00,37.68,36.33,37.09,56766500.00
2020-03-09 00:00,33.72,34.48,32.22,32.48,53277200.00
2020-03-10 00:00,34.63,35.08,32.28,35.08,40078700.00
2020-03-11 00:00,34.05,34.27,32.01,32.33,44769500.00
2020-03-12 00:00,29.81,30.86,27.12,27.20,68447600.00
2020-03-13 00:00,30.15,31.76,27.77,30.89,78365700.00
2020-03-16 00:00,26.34,29.23,26.30,26.50,57466700.00
2020-03-17 00:00,27.63,30.62,25.89,29.63,58112800.00
2020-03-18 00:00,27.70,28.89,26.90,28.12,51904100.00
2020-03-19 00:00,27.66,29.11,26.29,28.29,53123500.00
2020-03-20 00:00,28.68,28.75,26.18,26.50,73915800.00
2020-03-23 00:00,26.26,26.87,25.11,25.25,47064100.00
2020-03-24 00:00,26.96,29.17,26.33,28.92,48630300.00
2020-03-25 00:00,29.00,30.30,27.77,28.97,53341100.00
2020-03-26 00:00,29.33,31.39,29.08,30.90,45494700.00
2020-03-27 00:00,30.02,31.29,29.08,30.28,38942800.00
2020-03-30 00:00,30.36,30.48,28.89,29.92,41232800.00
2020-03-31 00:00,29.41,29.75,28.16,28.70,36920300.00
2020-04-01 00:00,27.02,27.37,26.20,26.57,48497400.00
2020-04-02 00:00,26.47,27.53,26.38,27.22,33113500.00
2020-04-03 00:00,27.00,27.36,25.91,26.23,32735800.00
2020-04-06 00:00,27.41,28.83,27.40,28.63,36056100.00
2020-04-07 00:00,30.75,30.78,28.71,28.77,39229900.00
2020-04-08 00:00,29.34,30.48,28.68,30.28,42213700.00
2020-04-09 00:00,31.12,33.91,31.10,33.20,62520600.00
